ds,trend,yhat_lower,yhat_upper,trend_lower,trend_upper,multiplicative_terms,multiplicative_terms_lower,multiplicative_terms_upper,yearly,yearly_lower,yearly_upper,additive_terms,additive_terms_lower,additive_terms_upper,yhat
2009-12-01,4667.58413329,-314.7391423620995,7975.17902493233,4667.58413329,4667.58413329,-0.1491413647930008,-0.1491413647930008,-0.1491413647930008,-0.1491413647930008,-0.1491413647930008,-0.1491413647930008,0.0,0.0,0.0,3971.4542653649737
2010-01-01,4661.548661346093,2000.8190390916673,10612.205150494783,4661.548661346093,4661.548661346093,0.32473670600006904,0.32473670600006904,0.32473670600006904,0.32473670600006904,0.32473670600006904,0.32473670600006904,0.0,0.0,0.0,6175.324618490654
2010-02-01,4655.513189402186,4076.4903423363253,13144.347103577222,4655.513189402186,4655.513189402186,0.8319145914834705,0.8319145914834705,0.8319145914834705,0.8319145914834705,0.8319145914834705,0.8319145914834705,0.0,0.0,0.0,8528.502542509614
2010-03-01,4650.061795388334,8083.195902300041,16208.744215320921,4650.061795388334,4650.061795388334,1.6190828950169962,1.6190828950169962,1.6190828950169962,1.6190828950169962,1.6190828950169962,1.6190828950169962,0.0,0.0,0.0,12178.897309073609
2010-04-01,4644.026323444427,3696.4046637288807,12177.510468924756,4644.026323444427,4644.026323444427,0.7028450542739002,0.7028450542739002,0.7028450542739002,0.7028450542739002,0.7028450542739002,0.7028450542739002,0.0,0.0,0.0,7908.057256795147
2010-05-01,4638.185544143872,1840.7926169172372,10781.574353154721,4638.185544143872,4638.185544143872,0.37719055496539516,0.37719055496539516,0.37719055496539516,0.37719055496539516,0.37719055496539516,0.37719055496539516,0.0,0.0,0.0,6387.665323571972
2010-06-01,4632.150072199965,1361.5868927654299,10123.094038167657,4632.150072199965,4632.150072199965,0.2242738345345711,0.2242738345345711,0.2242738345345711,0.2242738345345711,0.2242738345345711,0.2242738345345711,0.0,0.0,0.0,5671.020131031842
2010-07-01,4626.30929289941,-298.09845026986767,8542.079294248648,4626.30929289941,4626.30929289941,-0.10955946633343178,-0.10955946633343178,-0.10955946633343178,-0.10955946633343178,-0.10955946633343178,-0.10955946633343178,0.0,0.0,0.0,4119.453315675954
2010-08-01,4620.273820955503,-478.44302913671356,8270.527614518618,4620.273820955503,4620.273820955503,-0.17560966351402435,-0.17560966351402435,-0.17560966351402435,-0.17560966351402435,-0.17560966351402435,-0.17560966351402435,0.0,0.0,0.0,3808.9090899148514
2010-09-01,4614.238349011595,-957.6966373576133,7829.604221212852,4614.238349011595,4614.238349011595,-0.25407773333157857,-0.25407773333157857,-0.25407773333157857,-0.25407773333157857,-0.25407773333157857,-0.25407773333157857,0.0,0.0,0.0,3441.863128243084
2010-10-01,4608.397569711041,-785.1219044163977,7854.61723306091,4608.397569711041,4608.397569711041,-0.24454103395198856,-0.24454103395198856,-0.24454103395198856,-0.24454103395198856,-0.24454103395198856,-0.24454103395198856,0.0,0.0,0.0,3481.4552631520714
2010-11-01,4602.3620977671335,-1376.982701264045,7072.590331045051,4602.3620977671335,4602.3620977671335,-0.33955480250338066,-0.33955480250338066,-0.33955480250338066,-0.33955480250338066,-0.33955480250338066,-0.33955480250338066,0.0,0.0,0.0,3039.6079446107697
2010-12-01,4596.521318466578,-397.0220242453216,8182.918977394812,4596.521318466578,4596.521318466578,-0.13177495357787303,-0.13177495357787303,-0.13177495357787303,-0.13177495357787303,-0.13177495357787303,-0.13177495357787303,0.0,0.0,0.0,3990.814935105941
2011-01-01,4590.485846522671,717.1056114689956,9733.88242720405,4590.485846522671,4590.485846522671,0.18240295717756594,0.18240295717756594,0.18240295717756594,0.18240295717756594,0.18240295717756594,0.18240295717756594,0.0,0.0,0.0,5427.8040398101675
2011-02-01,4584.450374578764,2751.05374607319,11727.975963302908,4584.450374578764,4584.450374578764,0.5732329562896136,0.5732329562896136,0.5732329562896136,0.5732329562896136,0.5732329562896136,0.5732329562896136,0.0,0.0,0.0,7212.408415761576
2011-03-01,4578.998980564912,9330.317075853982,18130.581845588556,4578.998980564912,4578.998980564912,1.9840050901820585,1.9840050901820585,1.9840050901820585,1.9840050901820585,1.9840050901820585,1.9840050901820585,0.0,0.0,0.0,13663.756265944154
2011-04-01,4572.9635086210055,3448.4480488902113,12186.975642467925,4572.9635086210055,4572.9635086210055,0.7192110606444063,0.7192110606444063,0.7192110606444063,0.7192110606444063,0.7192110606444063,0.7192110606444063,0.0,0.0,0.0,7861.889443944485
2011-05-01,4567.12272932045,2100.5312894662916,10431.347032642534,4567.12272932045,4567.12272932045,0.32462820603861087,0.32462820603861087,0.32462820603861087,0.32462820603861087,0.32462820603861087,0.32462820603861087,0.0,0.0,0.0,6049.739587697912
2011-06-01,4561.087257376544,847.0452378921154,10020.992007842768,4561.087257376544,4561.087257376544,0.146076692162351,0.146076692162351,0.146076692162351,0.146076692162351,0.146076692162351,0.146076692162351,0.0,0.0,0.0,5227.355796597959
2011-07-01,4555.246478075988,-671.2166582967648,8386.175107374407,4555.246478075988,4555.246478075988,-0.16691423585138507,-0.16691423585138507,-0.16691423585138507,-0.16691423585138507,-0.16691423585138507,-0.16691423585138507,0.0,0.0,0.0,3794.9109930732216
2011-08-01,4549.211006132081,-674.3237262914474,7778.910283554212,4549.211006132081,4549.211006132081,-0.16790273256416868,-0.16790273256416868,-0.16790273256416868,-0.16790273256416868,-0.16790273256416868,-0.16790273256416868,0.0,0.0,0.0,3785.3860471915136
2011-09-01,4543.175534188174,-710.9985433683117,7791.054685587909,4543.175534188174,4543.175534188174,-0.21791805260449867,-0.21791805260449867,-0.21791805260449867,-0.21791805260449867,-0.21791805260449867,-0.21791805260449867,0.0,0.0,0.0,3553.1355691374843
2011-10-01,4537.334754887618,-292.34335629165435,7956.22359132505,4537.334754887618,4537.334754887618,-0.16588226991975516,-0.16588226991975516,-0.16588226991975516,-0.16588226991975516,-0.16588226991975516,-0.16588226991975516,0.0,0.0,0.0,3784.671366361064
2011-11-01,4531.299282943712,-1300.4896690505716,7600.16111078453,4531.299282943712,4531.299282943712,-0.29953264547578545,-0.29953264547578545,-0.29953264547578545,-0.29953264547578545,-0.29953264547578545,-0.29953264547578545,0.0,0.0,0.0,3174.0272212810523
2011-12-01,4525.458503643156,-269.9884739825962,8485.674814791546,4525.458503643156,4525.458503643156,-0.11823360085570034,-0.11823360085570034,-0.11823360085570034,-0.11823360085570034,-0.11823360085570034,-0.11823360085570034,0.0,0.0,0.0,3990.3972492343764
2012-01-01,4519.423031699249,518.6469436557389,9112.75179679989,4519.423031699249,4519.423031699249,0.03750151493655926,0.03750151493655926,0.03750151493655926,0.03750151493655926,0.03750151493655926,0.03750151493655926,0.0,0.0,0.0,4688.908242027148
2012-02-01,4513.387559755342,1425.596994182872,10267.833370912213,4513.387559755342,4513.387559755342,0.3209888028205982,0.3209888028205982,0.3209888028205982,0.3209888028205982,0.3209888028205982,0.3209888028205982,0.0,0.0,0.0,5962.134429226591
2012-03-01,4507.741473098139,4417.854183441844,12943.430886696347,4507.741473098139,4507.741473098139,0.8970867012419559,0.8970867012419559,0.8970867012419559,0.8970867012419559,0.8970867012419559,0.8970867012419559,0.0,0.0,0.0,8551.576401251303
2012-04-01,4501.706001154232,2709.08833694,11457.839011887472,4501.706001154232,4501.706001154232,0.654447106171949,0.654447106171949,0.654447106171949,0.654447106171949,0.654447106171949,0.654447106171949,0.0,0.0,0.0,7447.834466446515
2012-05-01,4495.865221853676,2179.735360747941,10963.23253592837,4495.865221853676,4495.865221853676,0.4728516573311528,0.4728516573311528,0.4728516573311528,0.4728516573311528,0.4728516573311528,0.4728516573311528,0.0,0.0,0.0,6621.742543144678
2012-06-01,4489.82974990977,1814.6502920163182,10331.855147274742,4489.82974990977,4489.82974990977,0.37804138044772073,0.37804138044772073,0.37804138044772073,0.37804138044772073,0.37804138044772073,0.37804138044772073,0.0,0.0,0.0,6187.171186540904
2012-07-01,4483.988970609214,353.75943808377434,8807.975024259456,4483.988970609214,4483.988970609214,0.010759246584578499,0.010759246584578499,0.010759246584578499,0.010759246584578499,0.010759246584578499,0.010759246584578499,0.0,0.0,0.0,4532.23331362653
2012-08-01,4477.953498665308,-623.8822041627399,7829.480537328578,4477.953498665308,4477.953498665308,-0.18328740953144734,-0.18328740953144734,-0.18328740953144734,-0.18328740953144734,-0.18328740953144734,-0.18328740953144734,0.0,0.0,0.0,3657.201001892662
2012-09-01,4471.918026721401,-1341.519594772383,7243.957596710028,4471.918026721401,4471.918026721401,-0.3205985837982835,-0.3205985837982835,-0.3205985837982835,-0.3205985837982835,-0.3205985837982835,-0.3205985837982835,0.0,0.0,0.0,3038.227440492505
2012-10-01,4466.077247420845,-1844.7717210891385,7117.339670997736,4466.077247420845,4466.077247420845,-0.4023524508395924,-0.4023524508395924,-0.4023524508395924,-0.4023524508395924,-0.4023524508395924,-0.4023524508395924,0.0,0.0,0.0,2669.1401212821274
2012-11-01,4460.041775476939,-1688.7660632656036,7277.5791159844985,4460.041775476939,4460.041775476939,-0.4256582925326431,-0.4256582925326431,-0.4256582925326431,-0.4256582925326431,-0.4256582925326431,-0.4256582925326431,0.0,0.0,0.0,2561.588008703167
2012-12-01,4454.200996176382,-636.2528060948666,8178.626485527769,4454.200996176382,4454.200996176382,-0.17035237538077516,-0.17035237538077516,-0.17035237538077516,-0.17035237538077516,-0.17035237538077516,-0.17035237538077516,0.0,0.0,0.0,3695.4172760543206
2013-01-01,4448.165524232476,1767.8213431764812,10802.510027168084,4448.165524232476,4448.165524232476,0.46426873776678923,0.46426873776678923,0.46426873776678923,0.46426873776678923,0.46426873776678923,0.46426873776678923,0.0,0.0,0.0,6513.309717545635
2013-02-01,4442.130052288569,4856.43412401749,13321.983445178796,4442.130052288569,4442.130052288569,1.0967616369408988,1.0967616369408988,1.0967616369408988,1.0967616369408988,1.0967616369408988,1.0967616369408988,0.0,0.0,0.0,9314.08787994094
2013-03-01,4436.678658274717,5810.477508247115,14538.084300349366,4436.678658274717,4436.678658274717,1.2566436099749063,1.2566436099749063,1.2566436099749063,1.2566436099749063,1.2566436099749063,1.2566436099749063,0.0,0.0,0.0,10012.002543707682
2013-04-01,4430.64318633081,3078.3115596536627,11875.727867971405,4430.64318633081,4430.64318633081,0.6812173977957704,0.6812173977957704,0.6812173977957704,0.6812173977957704,0.6812173977957704,0.6812173977957704,0.0,0.0,0.0,7448.874408284644
2013-05-01,4424.802407030255,1659.4084573194207,10620.575966762637,4424.802407030255,4424.802407030255,0.42662389402921447,0.42662389402921447,0.42662389402921447,0.42662389402921447,0.42662389402921447,0.42662389402921447,0.0,0.0,0.0,6312.528840227344
2013-06-01,4418.766935086348,1365.5870633152338,10311.73451520919,4418.766935086348,4418.766935086348,0.30164005853501297,0.30164005853501297,0.30164005853501297,0.30164005853501297,0.30164005853501297,0.30164005853501297,0.0,0.0,0.0,5751.644052038374
2013-07-01,4412.926155785793,-182.3729176264303,8773.477059213128,4412.926155785793,4412.926155785793,-0.05030121544190313,-0.05030121544190313,-0.05030121544190313,-0.05030121544190313,-0.05030121544190313,-0.05030121544190313,0.0,0.0,0.0,4190.950606494402
2013-08-01,4406.890683841886,-841.5903119405556,7953.704138397862,4406.890683841886,4406.890683841886,-0.18073643126128447,-0.18073643126128447,-0.18073643126128447,-0.18073643126128447,-0.18073643126128447,-0.18073643126128447,0.0,0.0,0.0,3610.4049886857024
2013-09-01,4400.855211897979,-1233.5763339015873,7549.2842926536205,4400.855211897979,4400.855211897979,-0.28832702438405405,-0.28832702438405405,-0.28832702438405405,-0.28832702438405405,-0.28832702438405405,-0.28832702438405405,0.0,0.0,0.0,3131.9697239063785
2013-10-01,4395.014432597423,-1660.271589406603,7051.742088786153,4395.014432597423,4395.014432597423,-0.32340626172310477,-0.32340626172310477,-0.32340626172310477,-0.32340626172310477,-0.32340626172310477,-0.32340626172310477,0.0,0.0,0.0,2973.639244731998
2013-11-01,4388.978960653516,-1684.319058366598,7141.8310116424445,4388.978960653516,4388.978960653516,-0.38162462221968446,-0.38162462221968446,-0.38162462221968446,-0.38162462221968446,-0.38162462221968446,-0.38162462221968446,0.0,0.0,0.0,2714.036522863975
2013-12-01,4383.1381813529615,-626.3491927317243,8162.603018709222,4383.1381813529615,4383.1381813529615,-0.14914136479308135,-0.14914136479308135,-0.14914136479308135,-0.14914136479308135,-0.14914136479308135,-0.14914136479308135,0.0,0.0,0.0,3729.4309709093163
2014-01-01,4377.102709409054,1483.5006682511346,10082.430158779971,4377.102709409054,4377.102709409054,0.3247367059985186,0.3247367059985186,0.3247367059985186,0.3247367059985186,0.3247367059985186,0.3247367059985186,0.0,0.0,0.0,5798.508625079741
2014-02-01,4371.067237465147,3536.4239568901235,12566.387143317528,4371.067237465147,4371.067237465147,0.8319145914824423,0.8319145914824423,0.8319145914824423,0.8319145914824423,0.8319145914824423,0.8319145914824423,0.0,0.0,0.0,8007.421852663252
2014-03-01,4365.615843451295,6914.6971297815,15914.395231218348,4365.615843451295,4365.615843451295,1.619082895018976,1.619082895018976,1.619082895018976,1.619082895018976,1.619082895018976,1.619082895018976,0.0,0.0,0.0,11433.909781807128
2014-04-01,4359.580371507389,2896.764217495601,11489.78068670786,4359.580371507389,4359.580371507389,0.7028450542741198,0.7028450542741198,0.7028450542741198,0.7028450542741198,0.7028450542741198,0.7028450542741198,0.0,0.0,0.0,7423.689874331887
2014-05-01,4353.739592206834,1725.7029291919202,10596.756373846458,4353.739592206834,4353.739592206834,0.3771905549655685,0.3771905549655685,0.3771905549655685,0.3771905549655685,0.3771905549655685,0.3771905549655685,0.0,0.0,0.0,5995.929045166897
2014-06-01,4347.704120262926,988.6739183072359,9998.206764540013,4347.704120262926,4347.704120262926,0.2242738345345413,0.2242738345345413,0.2242738345345413,0.2242738345345413,0.2242738345345413,0.2242738345345413,0.0,0.0,0.0,5322.780394735917
2014-07-01,4341.863340962371,-594.0102621252319,8433.465951470338,4341.863340962371,4341.863340962371,-0.1095594663332939,-0.1095594663332939,-0.1095594663332939,-0.1095594663332939,-0.1095594663332939,-0.1095594663332939,0.0,0.0,0.0,3866.171110434441
2014-08-01,4335.827869018464,-779.8314892514379,7684.6654677546185,4335.827869018464,4335.827869018464,-0.17560966351361249,-0.17560966351361249,-0.17560966351361249,-0.17560966351361249,-0.17560966351361249,-0.17560966351361249,0.0,0.0,0.0,3574.414595887188
2014-09-01,4329.792397074557,-1145.1131972390353,7514.369507608263,4329.792397074557,4329.792397074557,-0.25407773333124734,-0.25407773333124734,-0.25407773333124734,-0.25407773333124734,-0.25407773333124734,-0.25407773333124734,0.0,0.0,0.0,3229.6885590309853
2014-10-01,4323.9516177740015,-1518.8378037086998,7532.863688364892,4323.9516177740015,4323.9516177740015,-0.2445410339518008,-0.2445410339518008,-0.2445410339518008,-0.2445410339518008,-0.2445410339518008,-0.2445410339518008,0.0,0.0,0.0,3266.568018405985
2014-11-01,4317.916145830094,-1563.8099268157946,7315.014818550804,4317.916145830094,4317.916145830094,-0.33955480250333187,-0.33955480250333187,-0.33955480250333187,-0.33955480250333187,-0.33955480250333187,-0.33955480250333187,0.0,0.0,0.0,2851.7469817068086
2014-12-01,4312.07536652954,-779.4507629972929,7873.134447419955,4312.07536652954,4312.07536652954,-0.13177495357879834,-0.13177495357879834,-0.13177495357879834,-0.13177495357879834,-0.13177495357879834,-0.13177495357879834,0.0,0.0,0.0,3743.8518352768297
2015-01-01,4306.039894585633,574.8730697244721,9913.253866696637,4306.039894585633,4306.039894585633,0.1824029571778952,0.1824029571778952,0.1824029571778952,0.1824029571778952,0.1824029571778952,0.1824029571778952,0.0,0.0,0.0,5091.474305084044
2015-02-01,4300.004422641726,2308.991018944229,10878.548284936709,4300.004422641726,4300.004422641726,0.5732329562894015,0.5732329562894015,0.5732329562894015,0.5732329562894015,0.5732329562894015,0.5732329562894015,0.0,0.0,0.0,6764.908669890143
2015-03-01,4294.553028627874,8115.063992434245,17136.53742757509,4294.553028627874,4294.553028627874,1.9840050901833866,1.9840050901833866,1.9840050901833866,1.9840050901833866,1.9840050901833866,1.9840050901833866,0.0,0.0,0.0,12814.968097488054
2015-04-01,4288.517556683967,3314.03713541909,11674.851658609261,4288.517556683967,4288.517556683967,0.7192110606445383,0.7192110606445383,0.7192110606445383,0.7192110606445383,0.7192110606445383,0.7192110606445383,0.0,0.0,0.0,7372.8668172193675
2015-05-01,4282.676777383412,1285.642521997782,10146.716918534392,4282.676777383412,4282.676777383412,0.3246282060376941,0.3246282060376941,0.3246282060376941,0.3246282060376941,0.3246282060376941,0.3246282060376941,0.0,0.0,0.0,5672.954456664682
2015-06-01,4276.641305439504,758.3072995475773,9326.123169336326,4276.641305439504,4276.641305439504,0.14607669216217423,0.14607669216217423,0.14607669216217423,0.14607669216217423,0.14607669216217423,0.14607669216217423,0.0,0.0,0.0,4901.358920902229
2015-07-01,4270.80052613895,-1074.7647684395308,8093.659386508286,4270.80052613895,4270.80052613895,-0.16691423585288712,-0.16691423585288712,-0.16691423585288712,-0.16691423585288712,-0.16691423585288712,-0.16691423585288712,0.0,0.0,0.0,3557.9431198383586
2015-08-01,4264.7650541950425,-825.0587206508375,7674.086708974986,4264.7650541950425,4264.7650541950425,-0.16790273256340976,-0.16790273256340976,-0.16790273256340976,-0.16790273256340976,-0.16790273256340976,-0.16790273256340976,0.0,0.0,0.0,3548.6993478547565
2015-09-01,4258.729582251135,-908.5603928897974,7282.574097614112,4258.729582251135,4258.729582251135,-0.21791805260519526,-0.21791805260519526,-0.21791805260519526,-0.21791805260519526,-0.21791805260519526,-0.21791805260519526,0.0,0.0,0.0,3330.675525114831
2015-10-01,4252.888802950581,-865.0709927153733,7488.601568669483,4252.888802950581,4252.888802950581,-0.1658822699183556,-0.1658822699183556,-0.1658822699183556,-0.1658822699183556,-0.1658822699183556,-0.1658822699183556,0.0,0.0,0.0,3547.40995460678
2015-11-01,4246.853331006673,-1584.078060877443,7432.815916692644,4246.853331006673,4246.853331006673,-0.2995326454756353,-0.2995326454756353,-0.2995326454756353,-0.2995326454756353,-0.2995326454756353,-0.2995326454756353,0.0,0.0,0.0,2974.7821178232307
2015-12-01,4241.012551706118,-582.4544806141794,8441.811296894659,4241.012551706118,4241.012551706118,-0.11823360085567633,-0.11823360085567633,-0.11823360085567633,-0.11823360085567633,-0.11823360085567633,-0.11823360085567633,0.0,0.0,0.0,3739.582366443783
2016-01-01,4234.977079762211,46.75384744457266,8612.273525890705,4234.977079762211,4234.977079762211,0.03750151493651887,0.03750151493651887,0.03750151493651887,0.03750151493651887,0.03750151493651887,0.03750151493651887,0.0,0.0,0.0,4393.7951359747285
2016-02-01,4228.941607818304,1268.6957012819678,9700.337036853814,4228.941607818304,4228.941607818304,0.32098880282155895,0.32098880282155895,0.32098880282155895,0.32098880282155895,0.32098880282155895,0.32098880282155895,0.0,0.0,0.0,5586.384511714179
2016-03-01,4223.295521161101,3450.4175869776104,12574.787035712685,4223.295521161101,4223.295521161101,0.8970867012425237,0.8970867012425237,0.8970867012425237,0.8970867012425237,0.8970867012425237,0.8970867012425237,0.0,0.0,0.0,8011.957768611837
2016-04-01,4217.260049217194,2283.6012918410784,11320.170018161245,4217.260049217194,4217.260049217194,0.6544471061713834,0.6544471061713834,0.6544471061713834,0.6544471061713834,0.6544471061713834,0.6544471061713834,0.0,0.0,0.0,6977.233684399573
2016-05-01,4211.419269916638,1846.8718464241092,10760.376260049,4211.419269916638,4211.419269916638,0.4728516573307754,0.4728516573307754,0.4728516573307754,0.4728516573307754,0.4728516573307754,0.4728516573307754,0.0,0.0,0.0,6202.795851411484
2016-06-01,4205.383797972731,1358.9689879326263,10013.809659279115,4205.383797972731,4205.383797972731,0.3780413804482977,0.3780413804482977,0.3780413804482977,0.3780413804482977,0.3780413804482977,0.3780413804482977,0.0,0.0,0.0,5795.192894273248
2016-07-01,4199.543018672176,-37.331024139687784,8538.29876006132,4199.543018672176,4199.543018672176,0.010759246585185149,0.010759246585185149,0.010759246585185149,0.010759246585185149,0.010759246585185149,0.010759246585185149,0.0,0.0,0.0,4244.726937555162
2016-08-01,4193.507546728269,-984.5542387520303,7925.505767949434,4193.507546728269,4193.507546728269,-0.1832874095321254,-0.1832874095321254,-0.1832874095321254,-0.1832874095321254,-0.1832874095321254,-0.1832874095321254,0.0,0.0,0.0,3424.890411635026
2016-09-01,4187.472074784361,-1495.1094526575487,6972.108939318167,4187.472074784361,4187.472074784361,-0.3205985837983642,-0.3205985837983642,-0.3205985837983642,-0.3205985837983642,-0.3205985837983642,-0.3205985837983642,0.0,0.0,0.0,2844.974457913297
2016-10-01,4181.631295483807,-2126.952866416984,6794.497169135855,4181.631295483807,4181.631295483807,-0.402352450840054,-0.402352450840054,-0.402352450840054,-0.402352450840054,-0.402352450840054,-0.402352450840054,0.0,0.0,0.0,2499.141695236427
2016-11-01,4175.595823539899,-1884.652347544679,6842.84394566564,4175.595823539899,4175.595823539899,-0.42565829253331827,-0.42565829253331827,-0.42565829253331827,-0.42565829253331827,-0.42565829253331827,-0.42565829253331827,0.0,0.0,0.0,2398.2188349826506
2016-12-01,4169.755044239344,-1011.3672426817706,7719.213877048044,4169.755044239344,4169.755044239344,-0.17035237538116013,-0.17035237538116013,-0.17035237538116013,-0.17035237538116013,-0.17035237538116013,-0.17035237538116013,0.0,0.0,0.0,3459.4273676955972
2017-01-01,4163.7195722954375,1640.2195919632434,10652.607597073493,4163.7195722954375,4163.7195722954375,0.46426873776813654,0.46426873776813654,0.46426873776813654,0.46426873776813654,0.46426873776813654,0.46426873776813654,0.0,0.0,0.0,6096.804402545526
2017-02-01,4157.684100351531,4491.673802407474,13133.406212376025,4157.684100351531,4157.684100351531,1.0967616369426816,1.0967616369426816,1.0967616369426816,1.0967616369426816,1.0967616369426816,1.0967616369426816,0.0,0.0,0.0,8717.672520143637
2017-03-01,4152.232706337679,5137.110353032314,13884.84585591577,4152.232706337679,4152.232706337679,1.256643609975885,1.256643609975885,1.256643609975885,1.256643609975885,1.256643609975885,1.256643609975885,0.0,0.0,0.0,9370.109403889799
2017-04-01,4146.197234393771,2661.3699827350074,11309.120634088504,4146.197234393771,4146.197234393771,0.6812173977957755,0.6812173977957755,0.6812173977957755,0.6812173977957755,0.6812173977957755,0.6812173977957755,0.0,0.0,0.0,6970.658925155538
2017-05-01,4140.356455093216,1562.9077706296816,10585.796352997239,4140.356455093216,4140.356455093216,0.426623894028555,0.426623894028555,0.426623894028555,0.426623894028555,0.426623894028555,0.426623894028555,0.0,0.0,0.0,5906.731448631348
2017-06-01,4134.3209831493095,1318.7244782170585,9878.31975140551,4134.3209831493095,4134.3209831493095,0.301640058534454,0.301640058534454,0.301640058534454,0.301640058534454,0.301640058534454,0.301640058534454,0.0,0.0,0.0,5381.397806506689
2017-07-01,4128.480203848754,-249.27337979049832,8501.266707592531,4128.480203848754,4128.480203848754,-0.050301215441667456,-0.050301215441667456,-0.050301215441667456,-0.050301215441667456,-0.050301215441667456,-0.050301215441667456,0.0,0.0,0.0,3920.8126316682988
2017-08-01,4122.444731904848,-1176.0918118660234,7924.179036352635,4122.444731904848,4122.444731904848,-0.18073643126149613,-0.18073643126149613,-0.18073643126149613,-0.18073643126149613,-0.18073643126149613,-0.18073643126149613,0.0,0.0,0.0,3377.3687829876108
2017-09-01,4116.40925996094,-1671.8067323105572,7650.876379810198,4116.40925996094,4116.40925996094,-0.2883270243834335,-0.2883270243834335,-0.2883270243834335,-0.2883270243834335,-0.2883270243834335,-0.2883270243834335,0.0,0.0,0.0,2929.537226891991
2017-10-01,4110.568480660385,-1917.976707922589,7079.871138836105,4110.568480660385,4110.568480660385,-0.3234062617218943,-0.3234062617218943,-0.3234062617218943,-0.3234062617218943,-0.3234062617218943,-0.3234062617218943,0.0,0.0,0.0,2781.184894778163
2017-11-01,4104.533008716478,-1897.348281435353,6765.699702672627,4104.533008716478,4104.533008716478,-0.3816246222201911,-0.3816246222201911,-0.3816246222201911,-0.3816246222201911,-0.3816246222201911,-0.3816246222201911,0.0,0.0,0.0,2538.142149874748
2017-12-01,4098.692229415922,-602.47813515457,7577.582975267053,4098.692229415922,4098.692229415922,-0.1491413647922857,-0.1491413647922857,-0.1491413647922857,-0.1491413647922857,-0.1491413647922857,-0.1491413647922857,0.0,0.0,0.0,3487.4076764572956
2018-01-01,4092.6567574720157,1098.972924032761,9853.409120677385,4092.6567574720157,4092.6567574720157,0.3247367059997847,0.3247367059997847,0.3247367059997847,0.3247367059997847,0.3247367059997847,0.3247367059997847,0.0,0.0,0.0,5421.692631681238
2018-02-01,4086.6212855281083,3142.295719557545,11651.910945064537,4086.6212855281083,4086.6212855281083,0.8319145914839849,0.8319145914839849,0.8319145914839849,0.8319145914839849,0.8319145914839849,0.8319145914839849,0.0,0.0,0.0,7486.341162827982
2018-03-01,4081.1698915142574,6215.008866778665,14796.163583795496,4081.1698915142574,4081.1698915142574,1.6190828950200202,1.6190828950200202,1.6190828950200202,1.6190828950200202,1.6190828950200202,1.6190828950200202,0.0,0.0,0.0,10688.922254535704
2018-04-01,4075.13441957035,2778.085936989148,11512.721468079884,4075.13441957035,4075.13441957035,0.7028450542744363,0.7028450542744363,0.7028450542744363,0.7028450542744363,0.7028450542744363,0.7028450542744363,0.0,0.0,0.0,6939.322491868897
2018-05-01,4069.2936402697947,725.7246557888607,10131.179474396162,4069.2936402697947,4069.2936402697947,0.3771905549658387,0.3771905549658387,0.3771905549658387,0.3771905549658387,0.3771905549658387,0.3771905549658387,0.0,0.0,0.0,5604.192766762117
2018-06-01,4063.258168325888,365.0296058686197,9184.655495527259,4063.258168325888,4063.258168325888,0.2242738345339498,0.2242738345339498,0.2242738345339498,0.2242738345339498,0.2242738345339498,0.2242738345339498,0.0,0.0,0.0,4974.540658437729
2018-07-01,4057.4173890253323,-758.5407029869692,7804.2910881072885,4057.4173890253323,4057.4173890253323,-0.10955946633369193,-0.10955946633369193,-0.10955946633369193,-0.10955946633369193,-0.10955946633369193,-0.10955946633369193,0.0,0.0,0.0,3612.888905190675
2018-08-01,4051.381917081426,-1311.5222414327586,7342.525552311069,4051.381917081426,4051.381917081426,-0.17560966351383941,-0.17560966351383941,-0.17560966351383941,-0.17560966351383941,-0.17560966351383941,-0.17560966351383941,0.0,0.0,0.0,3339.920101856703
2018-09-01,4045.3464451375185,-1660.7068135529848,7300.834196404424,4045.3464451375185,4045.3464451375185,-0.2540777333322441,-0.2540777333322441,-0.2540777333322441,-0.2540777333322441,-0.2540777333322441,-0.2540777333322441,0.0,0.0,0.0,3017.513989813326
2018-10-01,4039.505665836963,-1468.6394954582674,6884.917088540415,4039.505665836963,4039.505665836963,-0.2445410339521215,-0.2445410339521215,-0.2445410339521215,-0.2445410339521215,-0.2445410339521215,-0.2445410339521215,0.0,0.0,0.0,3051.6807736577393
2018-11-01,4033.4701938930566,-1912.3518906561312,6758.781549708026,4033.4701938930566,4033.4701938930566,-0.3395548025034814,-0.3395548025034814,-0.3395548025034814,-0.3395548025034814,-0.3395548025034814,-0.3395548025034814,0.0,0.0,0.0,2663.886018802021
2018-12-01,4027.629414592501,-884.6926472652256,7475.3005726314595,4027.629414592501,4027.629414592501,-0.13177495357800037,-0.13177495357800037,-0.13177495357800037,-0.13177495357800037,-0.13177495357800037,-0.13177495357800037,0.0,0.0,0.0,3496.8887354551853
2019-01-01,4021.5939426485943,82.39707414244764,8919.266134776653,4021.5939426485943,4021.5939426485943,0.18240295717615085,0.18240295717615085,0.18240295717615085,0.18240295717615085,0.18240295717615085,0.18240295717615085,0.0,0.0,0.0,4755.144570349394
2019-02-01,4015.558470704687,1944.3850243411616,10666.255275908257,4015.558470704687,4015.558470704687,0.5732329562900829,0.5732329562900829,0.5732329562900829,0.5732329562900829,0.5732329562900829,0.5732329562900829,0.0,0.0,0.0,6317.408924022418
2019-03-01,4010.1070766908356,7935.738464056217,16184.225393688543,4010.1070766908356,4010.1070766908356,1.9840050901805018,1.9840050901805018,1.9840050901805018,1.9840050901805018,1.9840050901805018,1.9840050901805018,0.0,0.0,0.0,11966.179929014306
2019-04-01,4004.071604746928,2479.468587214216,11425.534240981282,4004.071604746928,4004.071604746928,0.7192110606446859,0.7192110606446859,0.7192110606446859,0.7192110606446859,0.7192110606446859,0.7192110606446859,0.0,0.0,0.0,6883.844190494236
2019-05-01,3998.2308254463733,711.594841050563,9717.409987403842,3998.2308254463733,3998.2308254463733,0.32462820603835923,0.32462820603835923,0.32462820603835923,0.32462820603835923,0.32462820603835923,0.32462820603835923,0.0,0.0,0.0,5296.169325638298
2019-06-01,3992.195353502466,-274.17668689928763,9064.38801073283,3992.195353502466,3992.195353502466,0.14607669216174857,0.14607669216174857,0.14607669216174857,0.14607669216174857,0.14607669216174857,0.14607669216174857,0.0,0.0,0.0,4575.362045205609
2019-07-01,3986.354574201911,-1304.2856034983872,7540.5986054131845,3986.354574201911,3986.354574201911,-0.16691423585323006,-0.16691423585323006,-0.16691423585323006,-0.16691423585323006,-0.16691423585323006,-0.16691423585323006,0.0,0.0,0.0,3320.975246608971
2019-08-01,3980.319102258004,-1092.0877197679122,7966.609263499784,3980.319102258004,3980.319102258004,-0.1679027325632808,-0.1679027325632808,-0.1679027325632808,-0.1679027325632808,-0.1679027325632808,-0.1679027325632808,0.0,0.0,0.0,3312.0126485150604
2019-09-01,3974.2836303140966,-1343.6747383760319,7173.264075126126,3974.2836303140966,3974.2836303140966,-0.21791805260458103,-0.21791805260458103,-0.21791805260458103,-0.21791805260458103,-0.21791805260458103,-0.21791805260458103,0.0,0.0,0.0,3108.2154810977845
2019-10-01,3968.4428510135417,-821.0677157505177,7596.203077202888,3968.4428510135417,3968.4428510135417,-0.16588226991901645,-0.16588226991901645,-0.16588226991901645,-0.16588226991901645,-0.16588226991901645,-0.16588226991901645,0.0,0.0,0.0,3310.148542843522
2019-11-01,3962.4073790696343,-1360.504836834323,7242.684704818583,3962.4073790696343,3962.4073790696343,-0.29953264547474084,-0.29953264547474084,-0.29953264547474084,-0.29953264547474084,-0.29953264547474084,-0.29953264547474084,0.0,0.0,0.0,2775.537014368272
2019-12-01,3956.5665997690794,-621.8034409143837,7697.655088301714,3956.5665997690794,3956.5665997690794,-0.11823360085604602,-0.11823360085604602,-0.11823360085604602,-0.11823360085604602,-0.11823360085604602,-0.11823360085604602,0.0,0.0,0.0,3488.767483651619
2020-01-01,3950.5311278251725,-9.78586589060029,8309.851170325384,3950.5311278251725,3950.5311278251725,0.03750151493653183,0.03750151493653183,0.03750151493653183,0.03750151493653183,0.03750151493653183,0.03750151493653183,0.0,0.0,0.0,4098.682029922542
2020-02-01,3944.495655881265,849.5140296030673,9588.187364992076,3944.495655881265,3944.495655881265,0.32098880282087133,0.32098880282087133,0.32098880282087133,0.32098880282087133,0.32098880282087133,0.32098880282087133,0.0,0.0,0.0,5210.63459419472
2020-03-01,3938.8495692240617,2927.3844922139474,11883.58836996066,3938.8495692240617,3938.8495692240617,0.8970867012454066,0.8970867012454066,0.8970867012454066,0.8970867012454066,0.8970867012454066,0.8970867012454066,0.0,0.0,0.0,7472.339135981166
2020-04-01,3932.8140972801552,2140.4004983849277,11076.04092434065,3932.8140972801552,3932.8140972801552,0.6544471061718968,0.6544471061718968,0.6544471061718968,0.6544471061718968,0.6544471061718968,0.6544471061718968,0.0,0.0,0.0,6506.632902357193
2020-05-01,3926.9733179796,1665.513103419201,10287.839763918926,3926.9733179796,3926.9733179796,0.4728516573310966,0.4728516573310966,0.4728516573310966,0.4728516573310966,0.4728516573310966,0.4728516573310966,0.0,0.0,0.0,5783.849159681249
2020-06-01,3920.9378460356925,1242.105723581612,9523.143432551438,3920.9378460356925,3920.9378460356925,0.37804138044736796,0.37804138044736796,0.37804138044736796,0.37804138044736796,0.37804138044736796,0.37804138044736796,0.0,0.0,0.0,5403.214601999355
2020-07-01,3915.0970667351376,-524.492067008033,8257.679621841278,3915.0970667351376,3915.0970667351376,0.010759246584712643,0.010759246584712643,0.010759246584712643,0.010759246584712643,0.010759246584712643,0.010759246584712643,0.0,0.0,0.0,3957.220561479226
2020-08-01,3909.06159479123,-1154.594438321606,7531.546711168072,3909.06159479123,3909.06159479123,-0.18328740953113448,-0.18328740953113448,-0.18328740953113448,-0.18328740953113448,-0.18328740953113448,-0.18328740953113448,0.0,0.0,0.0,3192.5798213843
2020-09-01,3903.0261228473237,-1482.7344581950567,7023.883776746475,3903.0261228473237,3903.0261228473237,-0.3205985837983292,-0.3205985837983292,-0.3205985837983292,-0.3205985837983292,-0.3205985837983292,-0.3205985837983292,0.0,0.0,0.0,2651.7214753345884
2020-10-01,3897.185343546768,-2250.5240467690614,6811.36936296605,3897.185343546768,3897.185343546768,-0.40235245083880117,-0.40235245083880117,-0.40235245083880117,-0.40235245083880117,-0.40235245083880117,-0.40235245083880117,0.0,0.0,0.0,2329.14326919767
2020-11-01,3891.149871602861,-2212.82051806406,6602.144444294566,3891.149871602861,3891.149871602861,-0.4256582925334071,-0.4256582925334071,-0.4256582925334071,-0.4256582925334071,-0.4256582925334071,-0.4256582925334071,0.0,0.0,0.0,2234.8496612648005
2020-12-01,3885.309092302306,-1477.5764960022775,7565.63539785342,3885.309092302306,3885.309092302306,-0.17035237538052386,-0.17035237538052386,-0.17035237538052386,-0.17035237538052386,-0.17035237538052386,-0.17035237538052386,0.0,0.0,0.0,3223.437459341061
2021-01-01,3879.2736203583986,1681.266420956385,10017.01490142045,3879.2736203583986,3879.2736203583986,0.464268737767939,0.464268737767939,0.464268737767939,0.464268737767939,0.464268737767939,0.464268737767939,0.0,0.0,0.0,5680.299087538655
2021-02-01,3873.238148414492,3966.123958887628,12507.971687845393,3873.238148414492,3873.238148414492,1.0967616369408388,1.0967616369408388,1.0967616369408388,1.0967616369408388,1.0967616369408388,1.0967616369408388,0.0,0.0,0.0,8121.257160331274
2021-03-01,3867.7867544006403,4430.282149521492,13135.883149362342,3867.7867544006403,3867.7867544006403,1.256643609975351,1.256643609975351,1.256643609975351,1.256643609975351,1.256643609975351,1.256643609975351,0.0,0.0,0.0,8728.216264065508
2021-04-01,3861.7512824567334,1875.479899617794,11242.890054686695,3861.7512824567334,3861.7512824567334,0.6812173977949132,0.6812173977949132,0.6812173977949132,0.6812173977949132,0.6812173977949132,0.6812173977949132,0.0,0.0,0.0,6492.443442023078
2021-05-01,3855.9105031561776,1217.1066262838353,10118.725858852406,3855.9105031561776,3855.9105031561776,0.42662389402977025,0.42662389402977025,0.42662389402977025,0.42662389402977025,0.42662389402977025,0.42662389402977025,0.0,0.0,0.0,5500.934057042957
2021-06-01,3849.875031212271,258.3703263592586,9230.253062149679,3849.875031212271,3849.875031212271,0.30164005853310066,0.30164005853310066,0.30164005853310066,0.30164005853310066,0.30164005853310066,0.30164005853310066,0.0,0.0,0.0,5011.151560972264
2021-07-01,3844.034251911716,-244.875632183783,8075.084093588802,3844.034251911716,3844.034251911716,-0.05030121544149774,-0.05030121544149774,-0.05030121544149774,-0.05030121544149774,-0.05030121544149774,-0.05030121544149774,0.0,0.0,0.0,3650.6746568418084
2021-08-01,3837.998779967809,-820.8569964738847,7325.482009799546,3837.998779967809,3837.998779967809,-0.18073643126139777,-0.18073643126139777,-0.18073643126139777,-0.18073643126139777,-0.18073643126139777,-0.18073643126139777,0.0,0.0,0.0,3144.332577290829
2021-09-01,3831.963308023902,-1836.1245797949514,7039.439389782779,3831.963308023902,3831.963308023902,-0.2883270243832521,-0.2883270243832521,-0.2883270243832521,-0.2883270243832521,-0.2883270243832521,-0.2883270243832521,0.0,0.0,0.0,2727.104729875567
2021-10-01,3826.122528723347,-1670.5305881251713,6793.87774546761,3826.122528723347,3826.122528723347,-0.3234062617217515,-0.3234062617217515,-0.3234062617217515,-0.3234062617217515,-0.3234062617217515,-0.3234062617217515,0.0,0.0,0.0,2588.730544819555
2021-11-01,3820.0870567794395,-2175.226634657282,7053.514660035788,3820.0870567794395,3820.0870567794395,-0.3816246222196332,-0.3816246222196332,-0.3816246222196332,-0.3816246222196332,-0.3816246222196332,-0.3816246222196332,0.0,0.0,0.0,2362.2477768898752
2021-12-01,3814.2462774788846,-1129.9691793837749,7972.56720073514,3814.2462774788846,3814.2462774788846,-0.14914136479293028,-0.14914136479293028,-0.14914136479293028,-0.14914136479293028,-0.14914136479293028,-0.14914136479293028,0.0,0.0,0.0,3245.38438199933
2022-01-01,3808.210805534977,886.35288484308,9477.08122841991,3808.210805534977,3808.210805534977,0.32473670599851806,0.32473670599851806,0.32473670599851806,0.32473670599851806,0.32473670599851806,0.32473670599851806,0.0,0.0,0.0,5044.876638272369
2022-02-01,3802.1753335910703,2316.9074200828823,11570.264257282335,3802.1753335910703,3802.1753335910703,0.8319145914829938,0.8319145914829938,0.8319145914829938,0.8319145914829938,0.8319145914829938,0.8319145914829938,0.0,0.0,0.0,6965.2604729822015
2022-03-01,3796.7239395772185,5561.925871639491,14272.285909688442,3796.7239395772185,3796.7239395772185,1.6190828950182445,1.6190828950182445,1.6190828950182445,1.6190828950182445,1.6190828950182445,1.6190828950182445,0.0,0.0,0.0,9943.934727252976
2022-04-01,3790.688467633312,2339.113824198472,10891.094537057108,3790.688467633312,3790.688467633312,0.7028450542737915,0.7028450542737915,0.7028450542737915,0.7028450542737915,0.7028450542737915,0.7028450542737915,0.0,0.0,0.0,6454.9551094020835
2022-05-01,3784.847688332756,1089.174179176877,9517.870266538665,3784.847688332756,3784.847688332756,0.3771905549650926,0.3771905549650926,0.3771905549650926,0.3771905549650926,0.3771905549650926,0.3771905549650926,0.0,0.0,0.0,5212.456488353337
2022-06-01,3778.8122163888493,259.62757714609535,8898.302049744783,3778.8122163888493,3778.8122163888493,0.22427383453547406,0.22427383453547406,0.22427383453547406,0.22427383453547406,0.22427383453547406,0.22427383453547406,0.0,0.0,0.0,4626.30092214787
2022-07-01,3772.9714370882944,-855.6336557017652,7859.394875761788,3772.9714370882944,3772.9714370882944,-0.10955946633347952,-0.10955946633347952,-0.10955946633347952,-0.10955946633347952,-0.10955946633347952,-0.10955946633347952,0.0,0.0,0.0,3359.606699949439
2022-08-01,3766.935965144387,-1480.2823415012758,7788.445416504277,3766.935965144387,3766.935965144387,-0.1756096635139893,-0.1756096635139893,-0.1756096635139893,-0.1756096635139893,-0.1756096635139893,-0.1756096635139893,0.0,0.0,0.0,3105.4256078266367
2022-09-01,3760.9004932004796,-1509.8658919725908,7227.019278579548,3760.9004932004796,3760.9004932004796,-0.2540777333309346,-0.2540777333309346,-0.2540777333309346,-0.2540777333309346,-0.2540777333309346,-0.2540777333309346,0.0,0.0,0.0,2805.339420604908
2022-10-01,3755.0597138999246,-1657.2197666550333,7134.148695402174,3755.0597138999246,3755.0597138999246,-0.24454103395132734,-0.24454103395132734,-0.24454103395132734,-0.24454103395132734,-0.24454103395132734,-0.24454103395132734,0.0,0.0,0.0,2836.793528913862
2022-11-01,3749.0242419560177,-1905.1051461771187,6834.120304117783,3749.0242419560177,3749.0242419560177,-0.3395548025033687,-0.3395548025033687,-0.3395548025033687,-0.3395548025033687,-0.3395548025033687,-0.3395548025033687,0.0,0.0,0.0,2476.0250558983003
2022-12-01,3743.1834626554623,-1315.7533025633838,7436.892662866838,3743.1834626554623,3743.1834626554623,-0.13177495357837435,-0.13177495357837435,-0.13177495357837435,-0.13177495357837435,-0.13177495357837435,-0.13177495357837435,0.0,0.0,0.0,3249.9256356287005
2023-01-01,3737.1479907115554,174.15448236653435,8829.085055304953,3737.1479907115554,3737.1479907115554,0.1824029571767651,0.1824029571767651,0.1824029571767651,0.1824029571767651,0.1824029571767651,0.1824029571767651,0.0,0.0,0.0,4418.814835624549
2023-02-01,3731.112518767649,1599.6319929593717,10431.07560783751,3731.112518767649,3731.112518767649,0.5732329562886944,0.5732329562886944,0.5732329562886944,0.5732329562886944,0.5732329562886944,0.5732329562886944,0.0,0.0,0.0,5869.909178146585
2023-03-01,3725.661124753797,6513.768342659457,15357.065712328815,3725.661124753797,3725.661124753797,1.9840050901818937,1.9840050901818937,1.9840050901818937,1.9840050901818937,1.9840050901818937,1.9840050901818937,0.0,0.0,0.0,11117.39176055813
2023-04-01,3719.6256528098897,2124.507799634168,10856.566303744741,3719.6256528098897,3719.6256528098897,0.7192110606448197,0.7192110606448197,0.7192110606448197,0.7192110606448197,0.7192110606448197,0.7192110606448197,0.0,0.0,0.0,6394.82156376897
2023-05-01,3713.7848735093344,607.7227635602101,9341.726293436926,3713.7848735093344,3713.7848735093344,0.32462820603843695,0.32462820603843695,0.32462820603843695,0.32462820603843695,0.32462820603843695,0.32462820603843695,0.0,0.0,0.0,4919.384194609353
2023-06-01,3707.749401565428,-329.7110215511075,8625.023517159678,3707.749401565428,3707.749401565428,0.1460766921610673,0.1460766921610673,0.1460766921610673,0.1460766921610673,0.1460766921610673,0.1460766921610673,0.0,0.0,0.0,4249.365169508282
2023-07-01,3701.908622264872,-1353.0354864852848,7557.715270516177,3701.908622264872,3701.908622264872,-0.1669142358524615,-0.1669142358524615,-0.1669142358524615,-0.1669142358524615,-0.1669142358524615,-0.1669142358524615,0.0,0.0,0.0,3084.007373383892
2023-08-01,3695.8731503209656,-1085.2332478325302,7600.338329236029,3695.8731503209656,3695.8731503209656,-0.16790273256332183,-0.16790273256332183,-0.16790273256332183,-0.16790273256332183,-0.16790273256332183,-0.16790273256332183,0.0,0.0,0.0,3075.325949174663
2023-09-01,3689.8376783770586,-1533.945752111822,7418.7368994573235,3689.8376783770586,3689.8376783770586,-0.21791805260461966,-0.21791805260461966,-0.21791805260461966,-0.21791805260461966,-0.21791805260461966,-0.21791805260461966,0.0,0.0,0.0,2885.7554370779794
2023-10-01,3683.996899076503,-805.7577081123595,7504.682734381866,3683.996899076503,3683.996899076503,-0.1658822699197518,-0.1658822699197518,-0.1658822699197518,-0.1658822699197518,-0.1658822699197518,-0.1658822699197518,0.0,0.0,0.0,3072.887131080366
2023-11-01,3677.9614271325963,-1724.4236089836047,7011.5933201248345,3677.9614271325963,3677.9614271325963,-0.29953264547608344,-0.29953264547608344,-0.29953264547608344,-0.29953264547608344,-0.29953264547608344,-0.29953264547608344,0.0,0.0,0.0,2576.291910904579
2023-12-01,3672.1206478320414,-997.1618049254953,7725.401007401587,3672.1206478320414,3672.1206478320414,-0.11823360085564644,-0.11823360085564644,-0.11823360085564644,-0.11823360085564644,-0.11823360085564644,-0.11823360085564644,0.0,0.0,0.0,3237.9526008624903
2024-01-01,3666.085175888134,-452.20603923721956,8272.166152661996,3666.085175888134,3666.085175888134,0.03750151493752802,0.03750151493752802,0.03750151493752802,0.03750151493752802,0.03750151493752802,0.03750151493752802,0.0,0.0,0.0,3803.568923873953
2024-02-01,3660.0497039442266,633.0958490012524,9128.335880965706,3660.0497039442266,3660.0497039442266,0.3209888028193484,0.3209888028193484,0.3209888028193484,0.3209888028193484,0.3209888028193484,0.3209888028193484,0.0,0.0,0.0,4834.884676672595
2024-03-01,3654.4036172870237,2504.616837196821,11296.81862429271,3654.4036172870237,3654.4036172870237,0.8970867012418149,0.8970867012418149,0.8970867012418149,0.8970867012418149,0.8970867012418149,0.8970867012418149,0.0,0.0,0.0,6932.720503325196
2024-04-01,3648.3681453431163,1862.5741431179745,10693.28096289057,3648.3681453431163,3648.3681453431163,0.6544471061718463,0.6544471061718463,0.6544471061718463,0.6544471061718463,0.6544471061718463,0.6544471061718463,0.0,0.0,0.0,6036.032120312464
2024-05-01,3642.5273660425614,869.7807393051418,10003.019264377674,3642.5273660425614,3642.5273660425614,0.4728516573314294,0.4728516573314294,0.4728516573314294,0.4728516573314294,0.4728516573314294,0.4728516573314294,0.0,0.0,0.0,5364.902467950873
2024-06-01,3636.491894098654,568.9544197894827,9407.280469644205,3636.491894098654,3636.491894098654,0.37804138044772656,0.37804138044772656,0.37804138044772656,0.37804138044772656,0.37804138044772656,0.37804138044772656,0.0,0.0,0.0,5011.236309730677
2024-07-01,3630.6511147980987,-870.9121688218312,8274.67622809514,3630.6511147980987,3630.6511147980987,0.010759246584893689,0.010759246584893689,0.010759246584893689,0.010759246584893689,0.010759246584893689,0.010759246584893689,0.0,0.0,0.0,3669.71418540593
2024-08-01,3624.6156428541913,-1376.242043359723,7382.182127610165,3624.6156428541913,3624.6156428541913,-0.18328740953131673,-0.18328740953131673,-0.18328740953131673,-0.18328740953131673,-0.18328740953131673,-0.18328740953131673,0.0,0.0,0.0,2960.2692311287583
2024-09-01,3618.580170910285,-2170.1562867623697,6948.830572079032,3618.580170910285,3618.580170910285,-0.3205985837981031,-0.3205985837981031,-0.3205985837981031,-0.3205985837981031,-0.3205985837981031,-0.3205985837981031,0.0,0.0,0.0,2458.4684927565495
2024-10-01,3612.73939160973,-2258.280285627762,6727.393093682767,3612.73939160973,3612.73939160973,-0.4023524508394244,-0.4023524508394244,-0.4023524508394244,-0.4023524508394244,-0.4023524508394244,-0.4023524508394244,0.0,0.0,0.0,2159.144843151424
2024-11-01,3606.7039196658225,-2524.438156779189,6470.438538918527,3606.7039196658225,3606.7039196658225,-0.4256582925323617,-0.4256582925323617,-0.4256582925323617,-0.4256582925323617,-0.4256582925323617,-0.4256582925323617,0.0,0.0,0.0,2071.480487551092
2024-12-01,3600.863140365267,-1462.6925572412745,7299.284378771748,3600.863140365267,3600.863140365267,-0.17035237538134027,-0.17035237538134027,-0.17035237538134027,-0.17035237538134027,-0.17035237538134027,-0.17035237538134027,0.0,0.0,0.0,2987.4475509809313
2025-01-01,3594.8276684213606,767.4647383590916,9780.588460016153,3594.8276684213606,3594.8276684213606,0.4642687377685783,0.4642687377685783,0.4642687377685783,0.4642687377685783,0.4642687377685783,0.4642687377685783,0.0,0.0,0.0,5263.7937725349075
2025-02-01,3588.792196477453,2927.2742729978168,12117.867636198947,3588.792196477453,3588.792196477453,1.09676163694032,1.09676163694032,1.09676163694032,1.09676163694032,1.09676163694032,1.09676163694032,0.0,0.0,0.0,7524.841800524711
2025-03-01,3583.3408024636014,3558.610754493317,12161.60016857152,3583.3408024636014,3583.3408024636014,1.2566436099771618,1.2566436099771618,1.2566436099771618,1.2566436099771618,1.2566436099771618,1.2566436099771618,0.0,0.0,0.0,8086.3231242499205
2025-04-01,3577.305330519695,1227.2658871127,10173.036230747524,3577.305330519695,3577.305330519695,0.6812173977958548,0.6812173977958548,0.6812173977958548,0.6812173977958548,0.6812173977958548,0.6812173977958548,0.0,0.0,0.0,6014.227958897562
2025-05-01,3571.4645512191396,725.8861887227093,9275.859277601072,3571.4645512191396,3571.4645512191396,0.4266238940290218,0.4266238940290218,0.4266238940290218,0.4266238940290218,0.4266238940290218,0.4266238940290218,0.0,0.0,0.0,5095.136665446861
2025-06-01,3565.429079275232,465.3032901502945,8888.495723759012,3565.429079275232,3565.429079275232,0.30164005853427195,0.30164005853427195,0.30164005853427195,0.30164005853427195,0.30164005853427195,0.30164005853427195,0.0,0.0,0.0,4640.905315447609
2025-07-01,3559.5882999746773,-1077.0739113416616,8025.583493155759,3559.5882999746773,3559.5882999746773,-0.050301215441974724,-0.050301215441974724,-0.050301215441974724,-0.050301215441974724,-0.050301215441974724,-0.050301215441974724,0.0,0.0,0.0,3380.5366820129184
2025-08-01,3553.552828030771,-1524.6970861943003,7270.460116129918,3553.552828030771,3553.552828030771,-0.180736431261664,-0.180736431261664,-0.180736431261664,-0.180736431261664,-0.180736431261664,-0.180736431261664,0.0,0.0,0.0,2911.296371592696
2025-09-01,3547.5173560868634,-1826.2912125137266,7010.691984639912,3547.5173560868634,3547.5173560868634,-0.2883270243842359,-0.2883270243842359,-0.2883270243842359,-0.2883270243842359,-0.2883270243842359,-0.2883270243842359,0.0,0.0,0.0,2524.672232854906
2025-10-01,3541.676576786308,-1891.2603418634462,6571.152179761344,3541.676576786308,3541.676576786308,-0.323406261721973,-0.323406261721973,-0.323406261721973,-0.323406261721973,-0.323406261721973,-0.323406261721973,0.0,0.0,0.0,2396.2761948595735
2025-11-01,3535.6411048424006,-2312.9228208955014,6427.593204690145,3535.6411048424006,3535.6411048424006,-0.3816246222207154,-0.3816246222207154,-0.3816246222207154,-0.3816246222207154,-0.3816246222207154,-0.3816246222207154,0.0,0.0,0.0,2186.353403898887
2025-12-01,3529.8003255418457,-1491.0445832478613,7367.411891249563,3529.8003255418457,3529.8003255418457,-0.1491413647929184,-0.1491413647929184,-0.1491413647929184,-0.1491413647929184,-0.1491413647929184,-0.1491413647929184,0.0,0.0,0.0,3003.361087544047
2026-01-01,3523.7648535979383,214.5426383337109,9136.887088906582,3523.7648535979383,3523.7648535979383,0.3247367060005465,0.3247367060005465,0.3247367060005465,0.3247367060005465,0.3247367060005465,0.3247367060005465,0.0,0.0,0.0,4668.060644875831
2026-02-01,3517.7293816540314,2023.1998790676364,10704.481410429527,3517.7293816540314,3517.7293816540314,0.8319145914842532,0.8319145914842532,0.8319145914842532,0.8319145914842532,0.8319145914842532,0.8319145914842532,0.0,0.0,0.0,6444.179783144899
2026-03-01,3512.27798764018,4824.2382966823025,13247.353603343603,3512.27798764018,3512.27798764018,1.6190828950196336,1.6190828950196336,1.6190828950196336,1.6190828950196336,1.6190828950196336,1.6190828950196336,0.0,0.0,0.0,9198.947199982376
2026-04-01,3506.242515696273,1684.698539729724,10313.437140337806,3506.242515696273,3506.242515696273,0.7028450542747255,0.7028450542747255,0.7028450542747255,0.7028450542747255,0.7028450542747255,0.7028450542747255,0.0,0.0,0.0,5970.58772694117
2026-05-01,3500.401736395718,368.8758463961254,8985.236683985944,3500.401736395718,3500.401736395718,0.3771905549652673,0.3771905549652673,0.3771905549652673,0.3771905549652673,0.3771905549652673,0.3771905549652673,0.0,0.0,0.0,4820.720209948204
2026-06-01,3494.366264451811,227.17094068412095,8731.552792739374,3494.366264451811,3494.366264451811,0.22427383453496488,0.22427383453496488,0.22427383453496488,0.22427383453496488,0.22427383453496488,0.22427383453496488,0.0,0.0,0.0,4278.06118585004
2026-07-01,3488.5254851512555,-1149.0927856555675,7536.902773916249,3488.5254851512555,3488.5254851512555,-0.10955946633224006,-0.10955946633224006,-0.10955946633224006,-0.10955946633224006,-0.10955946633224006,-0.10955946633224006,0.0,0.0,0.0,3106.324494711665
2026-08-01,3482.490013207348,-1585.441717522899,7118.711809232163,3482.490013207348,3482.490013207348,-0.17560966351408386,-0.17560966351408386,-0.17560966351408386,-0.17560966351408386,-0.17560966351408386,-0.17560966351408386,0.0,0.0,0.0,2870.9311137968484
2026-09-01,3476.454541263441,-1512.4984784261399,7031.403157890269,3476.454541263441,3476.454541263441,-0.25407773333199335,-0.25407773333199335,-0.25407773333199335,-0.25407773333199335,-0.25407773333199335,-0.25407773333199335,0.0,0.0,0.0,2593.164851387511
2026-10-01,3470.6137619628857,-1915.6803007950264,7022.271066876408,3470.6137619628857,3470.6137619628857,-0.24454103395291737,-0.24454103395291737,-0.24454103395291737,-0.24454103395291737,-0.24454103395291737,-0.24454103395291737,0.0,0.0,0.0,2621.906284161257
2026-11-01,3464.5782900189793,-2065.633246121183,6625.600699208461,3464.5782900189793,3464.5782900189793,-0.33955480250373893,-0.33955480250373893,-0.33955480250373893,-0.33955480250373893,-0.33955480250373893,-0.33955480250373893,0.0,0.0,0.0,2288.164092992843
2026-12-01,3458.737510718424,-1350.832391704501,7330.318631810441,3458.737510718424,3458.737510718424,-0.13177495357888774,-0.13177495357888774,-0.13177495357888774,-0.13177495357888774,-0.13177495357888774,-0.13177495357888774,0.0,0.0,0.0,3002.962535801946
2027-01-01,3452.7020387745165,-229.6413079758441,8433.580056507955,3452.7020387745165,3452.7020387745165,0.1824029571762354,0.1824029571762354,0.1824029571762354,0.1824029571762354,0.1824029571762354,0.1824029571762354,0.0,0.0,0.0,4082.485100895405
2027-02-01,3446.66656683061,1077.2656396426369,9718.763008419355,3446.66656683061,3446.66656683061,0.573232956291736,0.573232956291736,0.573232956291736,0.573232956291736,0.573232956291736,0.573232956291736,0.0,0.0,0.0,5422.409432286809
2027-03-01,3441.2151728167582,5933.566123020849,14738.736793879927,3441.2151728167582,3441.2151728167582,1.9840050901856925,1.9840050901856925,1.9840050901856925,1.9840050901856925,1.9840050901856925,1.9840050901856925,0.0,0.0,0.0,10268.603592109444
2027-04-01,3435.179700872851,1711.8349543746665,9983.299358413278,3435.1797008725166,3435.179700872851,0.7192110606443476,0.7192110606443476,0.7192110606443476,0.7192110606443476,0.7192110606443476,0.7192110606443476,0.0,0.0,0.0,5905.798937041546
